{"cameraMode":{"drawMode":0,"name":"Shaded","section":"Shading Mode"},"sceneLighting":false,"audioPlay":false,"sceneViewState":{"m_AlwaysRefresh":false,"showFog":true,"showSkybox":false,"showFlares":true,"showImageEffects":true,"showParticleSystems":true,"showVisualEffectGraphs":true,"m_FxEnabled":true},"in2DMode":false,"pivot":{"x":0.3979859948158264,"y":-0.114474356174469,"z":0.20719456672668458},"rotation":{"x":0.12620501220226289,"y":0.8309886455535889,"z":-0.20873889327049256,"w":0.5007728934288025},"size":0.8174201846122742,"orthographic":false}