{"cameraMode":{"drawMode":0,"name":"Shaded","section":"Shading Mode"},"sceneLighting":true,"audioPlay":false,"sceneViewState":{"m_AlwaysRefresh":false,"showFog":true,"showSkybox":true,"showFlares":true,"showImageEffects":true,"showParticleSystems":true,"showVisualEffectGraphs":true,"m_FxEnabled":true},"in2DMode":false,"pivot":{"x":-1.2908248901367188,"y":26.80091667175293,"z":-8.212228775024414},"rotation":{"x":0.21370624005794526,"y":-0.5660178661346436,"z":0.15064695477485658,"w":0.7828083038330078},"size":0.18611977994441987,"orthographic":false}