{"cameraMode":{"drawMode":0,"name":"Shaded","section":"Shading Mode"},"sceneLighting":true,"audioPlay":false,"sceneViewState":{"m_AlwaysRefresh":false,"showFog":true,"showSkybox":true,"showFlares":true,"showImageEffects":true,"showParticleSystems":true,"showVisualEffectGraphs":true,"m_FxEnabled":true},"in2DMode":false,"pivot":{"x":694.1141967773438,"y":354.2248229980469,"z":-896.187744140625},"rotation":{"x":0.023705793544650079,"y":-0.0042639318853616718,"z":0.001689951866865158,"w":-1.0004380941390992},"size":0.8660253882408142,"orthographic":false}