{"cameraMode":{"drawMode":0,"name":"Shaded","section":"Shading Mode"},"sceneLighting":false,"audioPlay":false,"sceneViewState":{"m_AlwaysRefresh":false,"showFog":true,"showSkybox":false,"showFlares":true,"showImageEffects":true,"showParticleSystems":true,"showVisualEffectGraphs":true,"m_FxEnabled":true},"in2DMode":false,"pivot":{"x":5.057000160217285,"y":0.10000000149011612,"z":-0.00599999725818634},"rotation":{"x":-0.3747237026691437,"y":-0.0887465626001358,"z":0.03631596639752388,"w":-0.922653317451477},"size":0.17320503294467927,"orthographic":false}