{"cameraMode":{"drawMode":0,"name":"Shaded","section":"Shading Mode"},"sceneLighting":false,"audioPlay":false,"sceneViewState":{"m_AlwaysRefresh":false,"showFog":true,"showSkybox":false,"showFlares":true,"showImageEffects":true,"showParticleSystems":true,"showVisualEffectGraphs":true,"m_FxEnabled":true},"in2DMode":false,"pivot":{"x":5.642539024353027,"y":-0.20876061916351319,"z":-1.3931560516357422},"rotation":{"x":-0.026245027780532838,"y":-0.9682851433753967,"z":0.11564408987760544,"w":-0.22195637226104737},"size":1.0732049942016602,"orthographic":false}